HorWindV,RotSpeed,GenPwr,BlPitch1
19.22,12.01,5035.0,14.8
19.16,11.97,5031.0,14.82
19.54,12.0,5006.0,14.82
19.88,11.95,5006.0,14.81
20.41,11.98,5004.0,14.79
19.73,11.96,5009.0,14.79
19.72,11.92,4996.0,14.77
19.05,11.9,4966.0,14.74
19.01,11.89,4971.0,14.69
19.0,11.88,4993.0,14.66
18.56,11.88,4991.0,14.64
17.69,11.89,4978.0,14.6
17.41,11.86,4988.0,14.56
17.45,11.89,4993.0,14.54
16.85,11.83,4989.0,14.51
17.13,11.85,4966.0,14.47
17.57,11.77,4970.0,14.41
18.35,11.75,4952.0,14.35
17.93,11.68,4939.0,14.28
17.44,11.64,4933.0,14.19
16.94,11.58,4926.0,14.09
17.12,11.55,4916.0,13.98
17.27,11.53,4922.0,13.86
16.59,11.52,4942.0,13.75
16.28,11.51,4948.0,13.65
16.25,11.51,4952.0,13.55
15.74,11.49,4954.0,13.45
15.82,11.49,4961.0,13.35
15.83,11.48,4967.0,13.26
16.01,11.46,4970.0,13.17
15.8,11.42,4956.0,13.07
16.67,11.37,4937.0,12.95
17.07,11.36,4939.0,12.82
16.93,11.32,4955.0,12.7
16.82,11.33,4948.0,12.57
17.84,11.32,4955.0,12.44
17.04,11.36,4980.0,12.33
17.41,11.42,5015.0,12.24
17.04,11.48,5037.0,12.18
17.16,11.53,5047.0,12.14
17.77,11.55,5053.0,12.11
17.17,11.6,5052.0,12.08
16.7,11.61,5061.0,12.07
17.21,11.64,5055.0,12.05
17.83,11.59,5034.0,12.03
17.36,11.63,5012.0,11.98
17.08,11.61,5030.0,11.94
16.67,11.69,5042.0,11.91
16.88,11.71,5057.0,11.9
16.33,11.77,5061.0,11.9
16.57,11.8,5064.0,11.91
16.75,11.87,5071.0,11.92
16.96,11.93,5094.0,11.96
17.73,11.96,5104.0,12.02
18.39,11.97,5070.0,12.08
17.87,12.01,5049.0,12.1
17.18,12.01,5074.0,12.14
17.16,11.99,5068.0,12.19
17.93,11.98,5015.0,12.21
18.43,11.97,5003.0,12.19
18.45,12.01,5039.0,12.19
18.34,12.02,5054.0,12.22
18.25,12.07,5028.0,12.25
18.71,12.09,5036.0,12.26
18.18,12.13,5067.0,12.31
19.05,12.2,5067.0,12.37
17.71,12.22,5066.0,12.43
18.58,12.19,5051.0,12.49
17.92,12.19,5020.0,12.53
18.17,12.16,5015.0,12.55
18.15,12.12,5012.0,12.57
18.07,12.06,4976.0,12.57
19.11,12.02,4943.0,12.53
19.19,12.03,4968.0,12.47
19.2,12.06,5008.0,12.46
17.77,12.09,5009.0,12.47
17.14,12.1,4997.0,12.47
17.15,12.12,5008.0,12.47
18.13,12.14,5024.0,12.49
18.57,12.14,5028.0,12.51
18.23,12.1,5001.0,12.53
17.72,12.08,4973.0,12.52
18.2,12.08,4986.0,12.49
18.57,12.07,5007.0,12.49
18.47,12.04,4984.0,12.49
18.51,12.02,4952.0,12.45
18.87,12.0,4967.0,12.41
18.54,12.02,4996.0,12.38
18.97,12.03,4994.0,12.37
18.47,12.05,4990.0,12.36
18.49,12.06,5006.0,12.35
17.79,12.08,5024.0,12.35
17.59,12.1,5019.0,12.37
18.23,12.09,5009.0,12.38
18.43,12.11,5010.0,12.39
18.06,12.12,5020.0,12.4
18.25,12.12,5022.0,12.42
18.45,12.11,5008.0,12.44
18.99,12.12,4999.0,12.44
17.98,12.15,5017.0,12.45
18.23,12.14,5029.0,12.47
18.62,12.15,5008.0,12.5
20.07,12.13,4996.0,12.5
20.16,12.17,5009.0,12.5
20.38,12.13,5026.0,12.53
20.21,12.16,4995.0,12.54
20.41,12.1,4986.0,12.54
20.19,12.11,4990.0,12.53
20.8,12.12,5000.0,12.52
20.26,12.13,5008.0,12.53
20.71,12.08,4995.0,12.54
21.21,12.06,4961.0,12.52
21.71,12.04,4964.0,12.48
21.45,12.03,4989.0,12.45
21.11,12.01,4980.0,12.44
19.86,12.01,4960.0,12.4
20.17,11.99,4973.0,12.36
20.88,11.99,4988.0,12.33
21.79,11.99,4983.0,12.31
21.86,11.96,4971.0,12.28
21.89,11.93,4965.0,12.24
22.1,11.91,4964.0,12.19
21.93,11.93,4974.0,12.14
22.05,11.91,4986.0,12.1
22.28,11.9,4975.0,12.07
22.14,11.9,4964.0,12.02
22.81,11.89,4985.0,11.97
21.39,11.93,5001.0,11.94
21.07,11.97,5016.0,11.93
20.7,11.96,5018.0,11.93
21.17,11.99,5007.0,11.92
21.3,12.01,5021.0,11.92
21.24,12.03,5038.0,11.93
21.46,12.03,5022.0,11.96
21.46,12.02,5004.0,11.95
20.08,12.02,5005.0,11.94
20.7,12.03,5021.0,11.94
20.18,12.04,5019.0,11.96
20.01,12.09,5016.0,11.96
19.72,12.13,5045.0,11.98
18.98,12.18,5066.0,12.04
19.3,12.22,5058.0,12.1
19.23,12.24,5049.0,12.16
19.04,12.26,5054.0,12.21
18.96,12.27,5052.0,12.28
18.68,12.27,5042.0,12.33
18.73,12.25,5023.0,12.38
18.93,12.21,5002.0,12.41
18.51,12.2,4991.0,12.41
18.6,12.18,4998.0,12.42
18.45,12.15,4986.0,12.43
17.92,12.1,4963.0,12.41
19.5,12.1,4958.0,12.37
19.51,12.11,4986.0,12.35
19.04,12.13,5004.0,12.35
18.59,12.13,4995.0,12.36
18.55,12.14,4982.0,12.35
18.05,12.15,5006.0,12.35
18.08,12.15,5019.0,12.37
17.62,12.13,4995.0,12.38
18.16,12.09,4968.0,12.37
17.96,12.08,4974.0,12.34
18.13,12.05,4986.0,12.32
18.2,12.04,4974.0,12.3
18.52,12.0,4959.0,12.27
18.81,12.01,4959.0,12.22
18.94,12.01,4984.0,12.18
18.45,12.03,4995.0,12.17
18.89,12.03,4990.0,12.16
19.1,12.05,4992.0,12.14
19.17,12.05,5009.0,12.13
19.19,12.06,5006.0,12.14
18.95,12.05,4999.0,12.13
17.5,12.04,4994.0,12.12
17.26,12.01,4987.0,12.11
16.14,12.01,4978.0,12.08
15.7,11.99,4986.0,12.05
14.8,11.99,4988.0,12.03
14.9,11.96,4981.0,12.01
14.61,11.99,4978.0,11.97
14.79,12.0,5004.0,11.95
14.57,12.02,5015.0,11.95
14.28,12.02,5001.0,11.95
14.79,12.0,4992.0,11.93
14.1,12.0,4999.0,11.91
14.12,11.99,5000.0,11.9
14.78,11.98,4991.0,11.89
13.59,11.95,4982.0,11.86
13.77,11.93,4975.0,11.82
13.16,11.9,4970.0,11.78
12.78,11.87,4965.0,11.73
12.78,11.84,4957.0,11.67
13.0,11.82,4954.0,11.6
13.41,11.79,4957.0,11.53
13.26,11.78,4957.0,11.45
13.54,11.76,4955.0,11.38
13.89,11.74,4957.0,11.3
14.46,11.71,4960.0,11.22
15.02,11.71,4954.0,11.13
15.04,11.69,4961.0,11.04
15.29,11.7,4970.0,10.96
15.37,11.68,4976.0,10.89
15.06,11.66,4967.0,10.81
14.65,11.63,4958.0,10.71
14.09,11.63,4959.0,10.62
14.17,11.63,4975.0,10.52
13.48,11.63,4986.0,10.44
13.33,11.63,4983.0,10.37
13.41,11.63,4975.0,10.29
13.05,11.64,4990.0,10.2
13.44,11.66,5008.0,10.14
12.81,11.67,5009.0,10.09
12.61,11.7,5003.0,10.04
12.93,11.7,5018.0,9.985
12.57,11.73,5021.0,9.951
12.55,11.73,5023.0,9.917
12.78,11.77,5024.0,9.887
12.22,11.75,5028.0,9.864
12.48,11.78,5015.0,9.835
12.51,11.78,5025.0,9.803
14.08,11.82,5035.0,9.788
14.45,11.81,5033.0,9.783
14.88,11.86,5023.0,9.767
14.97,11.85,5035.0,9.756
14.97,11.89,5041.0,9.759
15.72,11.91,5034.0,9.765
15.65,11.93,5038.0,9.768
15.27,11.94,5041.0,9.782
15.19,11.95,5038.0,9.796
15.41,11.95,5027.0,9.807
15.1,11.95,5019.0,9.803
15.26,11.93,5012.0,9.796
16.24,11.94,5010.0,9.78
15.69,11.91,5008.0,9.766
14.76,11.9,4992.0,9.739
14.33,11.89,4982.0,9.695
14.45,11.91,4997.0,9.65
15.01,11.92,5017.0,9.633
15.82,11.94,5013.0,9.625
16.53,11.96,5007.0,9.611
16.39,12.01,5030.0,9.602
17.42,12.03,5052.0,9.634
16.84,12.06,5040.0,9.672
17.1,12.04,5026.0,9.696
17.24,12.04,5015.0,9.704
18.03,12.04,5019.0,9.709
18.49,12.03,5017.0,9.719
18.54,11.99,4998.0,9.718
18.18,11.97,4975.0,9.685
18.22,11.97,4980.0,9.64
17.61,11.99,5003.0,9.612
16.97,11.98,5009.0,9.608
16.79,11.96,4982.0,9.588
16.05,11.97,4977.0,9.54
15.34,11.99,5010.0,9.512
15.09,12.01,5025.0,9.52
13.55,11.96,4996.0,9.523
13.21,11.92,4956.0,9.472
12.96,11.88,4956.0,9.393
12.49,11.86,4975.0,9.327
12.06,11.8,4963.0,9.268
11.56,11.75,4924.0,9.166
10.9,11.68,4912.0,9.024
10.23,11.67,4928.0,8.876
10.13,11.63,4945.0,8.75
10.25,11.56,4919.0,8.454
10.32,11.57,4966.0,8.15
10.89,11.59,4972.0,8.039
10.88,11.56,4963.0,7.92
11.01,11.54,4958.0,7.784
10.75,11.54,4964.0,7.645
10.96,11.54,4981.0,7.518
11.68,11.51,4979.0,7.406000000000001
12.62,11.47,4952.0,7.265
12.85,11.43,4935.0,7.081
13.9,11.44,4950.0,6.884
14.22,11.46,4988.0,6.727
14.66,11.47,4994.0,6.606
14.86,11.47,4978.0,6.47
13.94,11.51,4990.0,6.319
14.26,11.57,5035.0,6.2170000000000005
13.8,11.61,5063.0,6.186
14.06,11.61,5036.0,6.164
13.8,11.63,5012.0,6.086
13.5,11.67,5043.0,6.017
14.11,11.71,5077.0,6.017
13.89,11.72,5052.0,6.037000000000001
13.76,11.7,5013.0,5.995
13.31,11.72,5019.0,5.921
13.84,11.78,5060.0,5.895
14.1,11.83,5075.0,5.932
13.96,11.86,5059.0,5.97
14.34,11.88,5048.0,5.987
13.41,11.95,5066.0,6.01
13.82,12.01,5097.0,6.087999999999999
13.3,12.02,5096.0,6.206
14.96,12.04,5053.0,6.291
15.23,12.06,5043.0,6.325
15.91,12.13,5079.0,6.3870000000000005
15.54,12.17,5106.0,6.522
15.43,12.19,5074.0,6.659
15.03,12.18,5040.0,6.739
14.93,12.25,5051.0,6.796
15.33,12.29,5101.0,6.917000000000001
15.96,12.35,5098.0,7.09
15.32,12.33,5056.0,7.229
14.78,12.37,5041.0,7.315
14.96,12.39,5071.0,7.423999999999999
13.79,12.45,5086.0,7.575
14.01,12.45,5061.0,7.727
13.93,12.49,5042.0,7.837999999999999
13.43,12.51,5061.0,7.956
13.6,12.57,5078.0,8.106
13.23,12.58,5069.0,8.271
12.94,12.61,5048.0,8.408999999999999
13.26,12.61,5053.0,8.539
13.29,12.67,5061.0,8.682
12.43,12.69,5067.0,8.84
12.28,12.72,5059.0,8.999
12.57,12.71,5048.0,9.147
12.29,12.69,5030.0,9.278
11.57,12.67,5016.0,9.385
11.17,12.62,4999.0,9.476
11.07,12.56,4976.0,9.536
11.22,12.5,4949.0,9.562
11.53,12.44,4942.0,9.559
11.7,12.42,4943.0,9.551
11.65,12.38,4946.0,9.542
12.42,12.36,4942.0,9.529
12.57,12.34,4947.0,9.51
12.95,12.35,4952.0,9.496
12.74,12.32,4969.0,9.492
13.24,12.3,4957.0,9.495
14.38,12.25,4938.0,9.468
14.4,12.21,4935.0,9.422
14.99,12.15,4935.0,9.373
14.13,12.11,4924.0,9.311
13.55,12.06,4917.0,9.229
12.77,12.02,4917.0,9.138
14.11,12.01,4926.0,9.045
14.3,11.99,4943.0,8.966000000000001
14.84,11.93,4936.0,8.892999999999999
14.69,11.9,4909.0,8.787
15.01,11.87,4916.0,8.657
14.1,11.85,4946.0,8.548
13.39,11.81,4941.0,8.461
12.96,11.77,4914.0,8.336
13.76,11.74,4915.0,8.183
13.6,11.7,4939.0,8.045
13.19,11.69,4933.0,7.917999999999999
14.02,11.63,4923.0,7.767
13.16,11.59,4914.0,7.596
12.99,11.56,4925.0,7.412000000000001
11.95,11.56,4937.0,7.242000000000001
11.23,11.5,4941.0,7.077000000000001
10.96,11.46,4913.0,6.888
11.72,11.43,4908.0,6.65
11.56,11.42,4935.0,6.422999999999999
10.9,11.41,4958.0,6.231
10.58,11.37,4941.0,6.04
10.63,11.33,4911.0,5.79
10.3,11.31,4926.0,5.506
11.75,11.34,4968.0,5.263999999999999
10.96,11.34,4987.0,5.079
11.22,11.32,4961.0,4.879
10.89,11.3,4943.0,4.617
10.74,11.32,4969.0,4.343
12.05,11.34,5010.0,4.137
12.66,11.33,5005.0,3.975
12.66,11.33,4967.0,3.751
12.18,11.35,4979.0,3.469
12.41,11.41,5036.0,3.268
12.41,11.46,5064.0,3.181
11.87,11.47,5037.0,3.103
12.49,11.48,5011.0,2.947
12.49,11.52,5037.0,2.784
12.48,11.6,5079.0,2.7230000000000003
12.57,11.64,5089.0,2.752
13.01,11.65,5061.0,2.765
13.21,11.66,5040.0,2.712
13.18,11.7,5056.0,2.654
13.71,11.76,5085.0,2.675
14.31,11.82,5090.0,2.759
14.32,11.86,5079.0,2.842
14.62,11.92,5083.0,2.918
14.87,12.0,5110.0,3.049
15.15,12.09,5131.0,3.256
15.99,12.13,5128.0,3.505
15.9,12.21,5109.0,3.725
15.61,12.27,5122.0,3.942
15.61,12.36,5148.0,4.216
15.44,12.42,5145.0,4.533
16.06,12.49,5126.0,4.821000000000001
16.63,12.54,5129.0,5.097
16.28,12.63,5142.0,5.397
16.28,12.7,5144.0,5.72
15.37,12.78,5139.0,6.039
15.05,12.83,5141.0,6.361000000000001
15.2,12.93,5145.0,6.69
15.47,13.02,5154.0,7.035
15.51,13.08,5156.0,7.394
15.26,13.14,5140.0,7.746
15.85,13.18,5127.0,8.073
15.82,13.21,5119.0,8.389
15.3,13.26,5110.0,8.692
15.67,13.3,5107.0,8.988999999999999
16.1,13.33,5104.0,9.285
16.46,13.38,5090.0,9.569
17.15,13.43,5090.0,9.843
16.88,13.51,5104.0,10.13
17.68,13.55,5116.0,10.43
18.4,13.62,5100.0,10.74
19.09,13.61,5091.0,11.03
19.53,13.66,5075.0,11.3
19.2,13.63,5074.0,11.57
18.79,13.65,5052.0,11.82
18.78,13.59,5028.0,12.04
18.3,13.55,5001.0,12.23
18.79,13.53,4992.0,12.4
19.38,13.52,5002.0,12.56
19.02,13.47,4990.0,12.73
19.14,13.47,4968.0,12.87
20.1,13.48,4982.0,13.0
20.51,13.5,5013.0,13.16
20.06,13.47,4999.0,13.33
19.49,13.5,4979.0,13.47
19.73,13.42,4990.0,13.61
19.98,13.41,4972.0,13.74
19.9,13.35,4958.0,13.85
19.45,13.3,4950.0,13.95
19.4,13.22,4934.0,14.03
20.02,13.19,4918.0,14.09
20.22,13.1,4921.0,14.14
20.19,13.1,4916.0,14.19
19.57,13.04,4928.0,14.23
19.19,13.0,4923.0,14.28
18.73,12.94,4915.0,14.31
18.51,12.91,4909.0,14.33
17.93,12.85,4920.0,14.35
18.5,12.8,4912.0,14.37
19.35,12.74,4894.0,14.36
19.53,12.69,4903.0,14.35
19.47,12.65,4914.0,14.35
19.86,12.61,4906.0,14.34
19.55,12.55,4901.0,14.32
19.62,12.5,4900.0,14.29
20.19,12.48,4904.0,14.26
21.56,12.42,4917.0,14.24
22.47,12.41,4915.0,14.21
23.43,12.37,4917.0,14.18
23.24,12.36,4925.0,14.15
22.97,12.36,4942.0,14.13
23.47,12.37,4961.0,14.13
22.84,12.36,4965.0,14.13
22.87,12.34,4961.0,14.13
23.13,12.31,4956.0,14.13
23.65,12.31,4957.0,14.12
23.19,12.24,4960.0,14.11
22.73,12.2,4933.0,14.09
23.08,12.16,4921.0,14.04
22.24,12.14,4937.0,13.99
21.98,12.13,4954.0,13.96
22.21,12.13,4952.0,13.93
22.32,12.13,4956.0,13.9
22.27,12.16,4983.0,13.88
22.87,12.19,5007.0,13.89
21.63,12.18,5000.0,13.9
21.29,12.18,4984.0,13.91
20.84,12.13,4985.0,13.9
20.76,12.13,4974.0,13.89
19.79,12.08,4968.0,13.87
19.24,12.07,4961.0,13.84
19.18,12.03,4966.0,13.81
19.17,12.06,4964.0,13.78
17.66,12.03,4979.0,13.75
16.84,12.03,4975.0,13.73
17.15,12.01,4972.0,13.7
16.44,12.0,4969.0,13.67
16.75,12.01,4978.0,13.64
16.94,12.02,4988.0,13.62
17.47,12.0,4993.0,13.6
17.45,12.01,4987.0,13.59
17.26,11.96,4983.0,13.56
17.7,11.98,4966.0,13.53
17.22,11.92,4981.0,13.49
18.24,11.93,4971.0,13.46
17.92,11.87,4961.0,13.41
17.14,11.87,4952.0,13.36
17.95,11.84,4962.0,13.3
19.04,11.87,4974.0,13.24
19.1,11.85,4985.0,13.2
19.03,11.91,4985.0,13.17
19.42,11.91,5013.0,13.14
18.86,11.96,5022.0,13.14
19.6,11.96,5022.0,13.14
20.0,11.94,5006.0,13.14
20.3,11.89,4987.0,13.11
19.82,11.88,4973.0,13.07
19.5,11.85,4978.0,13.02
19.15,11.85,4978.0,12.98
18.9,11.84,4981.0,12.94
18.53,11.89,4988.0,12.89
18.43,11.97,5031.0,12.87
18.49,12.05,5074.0,12.91
18.77,12.16,5088.0,12.97
19.21,12.22,5102.0,13.05
18.95,12.32,5113.0,13.14
18.98,12.36,5124.0,13.26
19.09,12.42,5111.0,13.38
19.16,12.39,5094.0,13.49
18.16,12.4,5057.0,13.58
18.98,12.41,5051.0,13.64
18.89,12.47,5072.0,13.72
18.89,12.51,5091.0,13.83
19.56,12.61,5080.0,13.94
19.4,12.67,5103.0,14.05
19.86,12.8,5132.0,14.2
19.74,12.89,5155.0,14.39
20.48,12.98,5150.0,14.59
20.01,13.06,5140.0,14.78
19.87,13.11,5148.0,14.98
20.57,13.18,5140.0,15.19
21.28,13.24,5133.0,15.39
20.25,13.28,5128.0,15.6
20.34,13.32,5112.0,15.8
20.81,13.35,5103.0,15.99
20.84,13.36,5095.0,16.18
21.11,13.39,5084.0,16.36
21.11,13.38,5070.0,16.53
21.88,13.37,5045.0,16.69
22.21,13.39,5034.0,16.83
22.1,13.4,5051.0,16.97
21.74,13.42,5049.0,17.13
21.81,13.41,5028.0,17.28
22.5,13.39,5017.0,17.41
22.46,13.4,5015.0,17.53
23.35,13.37,5016.0,17.66
23.48,13.31,4989.0,17.77
23.54,13.24,4952.0,17.86
23.52,13.23,4948.0,17.92
23.98,13.16,4968.0,17.99
24.11,13.13,4947.0,18.06
24.3,13.04,4918.0,18.11
23.82,12.98,4905.0,18.13
23.81,12.96,4920.0,18.15
23.64,12.9,4939.0,18.18
22.83,12.86,4914.0,18.21
22.9,12.74,4886.0,18.21
22.54,12.68,4874.0,18.19
22.32,12.61,4891.0,18.16
21.94,12.59,4897.0,18.14
22.49,12.51,4895.0,18.12
21.72,12.47,4884.0,18.09
21.98,12.39,4883.0,18.05
21.96,12.35,4882.0,18.01
21.75,12.28,4885.0,17.96
21.91,12.19,4878.0,17.9
21.81,12.12,4856.0,17.83
21.33,12.04,4852.0,17.74
21.09,12.02,4873.0,17.65
20.62,11.9,4883.0,17.57
20.84,11.84,4840.0,17.48
21.01,11.78,4837.0,17.35
20.6,11.76,4884.0,17.23
21.48,11.75,4911.0,17.15
20.26,11.72,4896.0,17.06
19.88,11.66,4891.0,16.96
19.77,11.62,4901.0,16.86
20.85,11.6,4908.0,16.75
20.78,11.54,4908.0,16.65
20.18,11.5,4895.0,16.54
20.48,11.46,4894.0,16.42
20.9,11.44,4919.0,16.3
20.48,11.39,4924.0,16.19
19.67,11.35,4900.0,16.07
19.48,11.3,4896.0,15.93
18.92,11.24,4909.0,15.8
18.8,11.22,4901.0,15.66
19.3,11.17,4901.0,15.5
20.26,11.14,4906.0,15.35
19.99,11.11,4912.0,15.2
19.63,11.12,4928.0,15.05
18.85,11.08,4937.0,14.91
19.38,11.1,4938.0,14.76
18.95,11.08,4952.0,14.63
19.05,11.06,4959.0,14.49
18.66,11.02,4940.0,14.35
18.55,10.97,4926.0,14.19
17.78,10.96,4929.0,14.02
18.37,10.93,4953.0,13.86
17.87,10.9,4944.0,13.7
17.19,10.84,4915.0,13.52
17.1,10.85,4905.0,13.32
17.86,10.84,4941.0,13.13
17.01,10.84,4945.0,12.98
16.61,10.8,4906.0,12.81
16.76,10.79,4884.0,12.6
15.98,10.76,4902.0,12.41
15.57,10.76,4902.0,12.23
15.47,10.74,4879.0,12.04
14.93,10.69,4855.0,11.83
14.49,10.65,4841.0,11.61
14.38,10.62,4826.0,11.38
13.21,10.63,4823.0,11.14
14.29,10.6,4833.0,10.91
13.25,10.58,4809.0,10.68
12.06,10.55,4782.0,10.42
11.28,10.56,4786.0,10.16
11.99,10.57,4815.0,9.913
12.25,10.61,4824.0,9.693
12.28,10.57,4814.0,9.469
12.8,10.6,4798.0,9.224
12.62,10.61,4825.0,8.982999999999999
13.78,10.69,4860.0,8.777999999999999
14.98,10.7,4883.0,8.605
14.82,10.72,4866.0,8.423
14.54,10.73,4863.0,8.214
14.48,10.79,4897.0,8.017999999999999
14.71,10.84,4940.0,7.867000000000001
15.52,10.88,4950.0,7.739
15.49,10.93,4957.0,7.599
15.69,11.02,4995.0,7.474
15.05,11.12,5063.0,7.406000000000001
15.01,11.23,5111.0,7.401
16.2,11.3,5139.0,7.415
16.41,11.41,5153.0,7.436
16.66,11.51,5185.0,7.49
17.07,11.6,5200.0,7.602
16.24,11.69,5185.0,7.725
15.59,11.72,5165.0,7.837000000000001
15.22,11.76,5146.0,7.933
16.16,11.8,5138.0,8.022
15.93,11.86,5135.0,8.113999999999999
15.78,11.91,5133.0,8.214
14.87,11.96,5131.0,8.32
14.81,12.06,5129.0,8.431000000000001
15.05,12.17,5157.0,8.566
15.16,12.32,5196.0,8.762
14.93,12.43,5215.0,9.011
14.95,12.53,5198.0,9.273
15.99,12.59,5180.0,9.519
15.13,12.67,5175.0,9.759
14.84,12.72,5177.0,10.01
14.82,12.72,5144.0,10.25
14.27,12.74,5097.0,10.44
14.11,12.74,5090.0,10.61
13.4,12.77,5095.0,10.78
13.18,12.79,5089.0,10.95
14.39,12.83,5072.0,11.11
15.12,12.82,5067.0,11.27
15.76,12.89,5060.0,11.42
15.33,12.91,5078.0,11.57
14.87,12.95,5081.0,11.75
14.65,12.95,5061.0,11.92
14.57,12.96,5038.0,12.06
14.73,12.94,5040.0,12.19
14.87,12.93,5033.0,12.33
14.75,12.89,5009.0,12.44
14.74,12.83,4977.0,12.53
15.03,12.82,4965.0,12.58
14.63,12.78,4982.0,12.64
15.76,12.75,4981.0,12.71
16.17,12.74,4956.0,12.76
16.91,12.72,4956.0,12.79
17.6,12.73,4979.0,12.84
18.26,12.69,4985.0,12.9
18.56,12.66,4957.0,12.95
18.96,12.6,4936.0,12.96
19.77,12.61,4947.0,12.97
19.68,12.55,4971.0,13.0
19.3,12.54,4950.0,13.02
18.77,12.46,4928.0,13.02
18.03,12.45,4922.0,13.0
17.67,12.45,4956.0,12.99
17.21,12.44,4973.0,13.01
17.1,12.44,4950.0,13.02
16.82,12.41,4952.0,13.01
16.29,12.47,4981.0,13.02
16.31,12.48,5014.0,13.07
15.85,12.5,5005.0,13.13
16.43,12.5,4992.0,13.17
16.34,12.51,5001.0,13.21
16.12,12.54,5019.0,13.26
15.04,12.55,5028.0,13.33
15.16,12.54,5012.0,13.4
15.24,12.53,4990.0,13.45
15.58,12.54,4999.0,13.49
15.93,12.6,5027.0,13.55
15.99,12.6,5045.0,13.63
15.8,12.65,5026.0,13.72
16.01,12.65,5025.0,13.79
16.4,12.72,5048.0,13.88
16.68,12.76,5073.0,13.99
16.41,12.82,5068.0,14.12
17.24,12.81,5056.0,14.24
16.87,12.81,5040.0,14.35
15.67,12.8,5032.0,14.45
15.41,12.78,5024.0,14.55
15.96,12.76,5004.0,14.63
15.76,12.73,4995.0,14.69
16.24,12.7,4986.0,14.75
17.5,12.69,4980.0,14.8
17.2,12.66,4979.0,14.85
18.0,12.65,4975.0,14.89
17.87,12.62,4971.0,14.92
18.11,12.59,4964.0,14.95
18.45,12.59,4959.0,14.98
18.9,12.57,4976.0,15.0
19.58,12.55,4976.0,15.04
18.67,12.51,4955.0,15.06
17.84,12.46,4942.0,15.06
17.08,12.4,4936.0,15.05
17.55,12.39,4937.0,15.04
17.99,12.33,4940.0,15.02
17.11,12.27,4923.0,15.0
15.96,12.22,4905.0,14.96
16.19,12.19,4915.0,14.9
17.05,12.16,4933.0,14.86
16.77,12.15,4929.0,14.82
16.18,12.12,4929.0,14.77
16.23,12.1,4940.0,14.73
16.68,12.1,4949.0,14.69
16.24,12.09,4957.0,14.66
16.2,12.07,4960.0,14.63
16.7,12.04,4949.0,14.6
17.39,12.02,4949.0,14.55
16.58,12.03,4961.0,14.51
16.98,12.0,4973.0,14.49
16.85,12.0,4958.0,14.45
17.6,11.99,4958.0,14.41
16.86,11.99,4982.0,14.38
16.9,12.03,4991.0,14.36
16.95,12.06,5009.0,14.35
17.39,12.08,5019.0,14.36
17.87,12.08,5011.0,14.37
18.41,12.09,5005.0,14.37
18.53,12.1,5016.0,14.38
18.6,12.09,5021.0,14.39
18.78,12.05,4992.0,14.4
17.78,12.02,4965.0,14.37
18.3,11.99,4973.0,14.34
19.0,12.0,4986.0,14.31
18.95,11.95,4980.0,14.29
18.02,11.95,4957.0,14.26
18.3,11.91,4961.0,14.21
17.73,11.93,4973.0,14.16
18.46,11.91,4981.0,14.13
19.11,11.89,4971.0,14.1
18.3,11.87,4958.0,14.05
18.33,11.84,4963.0,13.99
18.31,11.83,4964.0,13.94
18.37,11.8,4966.0,13.88
18.59,11.78,4955.0,13.82
17.54,11.74,4950.0,13.75
17.28,11.76,4956.0,13.68
18.43,11.75,4981.0,13.62
19.04,11.76,4981.0,13.57
18.99,11.73,4969.0,13.51
18.75,11.74,4971.0,13.45
19.2,11.72,4985.0,13.39
19.01,11.72,4983.0,13.34
18.22,11.68,4970.0,13.28
17.2,11.66,4960.0,13.21
16.75,11.65,4965.0,13.13
17.33,11.6,4970.0,13.06
18.01,11.62,4954.0,12.97
17.31,11.58,4962.0,12.88
18.38,11.59,4971.0,12.8
19.23,11.6,4976.0,12.72
18.0,11.6,4990.0,12.65
18.08,11.61,4995.0,12.59
18.18,11.59,4985.0,12.52
19.01,11.6,4980.0,12.45
19.61,11.59,4995.0,12.38
19.66,11.62,5005.0,12.32
19.5,11.57,4993.0,12.27
19.06,11.6,4971.0,12.19
19.12,11.58,4995.0,12.11
19.45,11.65,5019.0,12.05
20.06,11.68,5036.0,12.02
20.29,11.73,5039.0,12.0
20.69,11.76,5045.0,11.99
20.09,11.79,5054.0,11.99
20.23,11.87,5064.0,12.0
19.74,11.89,5082.0,12.03
20.19,11.94,5074.0,12.07
20.81,11.93,5059.0,12.1
20.84,11.98,5048.0,12.12
21.55,11.99,5066.0,12.15
21.26,12.04,5072.0,12.19
21.01,12.04,5060.0,12.24
22.02,12.1,5050.0,12.27
22.05,12.14,5073.0,12.32
22.05,12.23,5096.0,12.39
21.83,12.29,5105.0,12.49
21.05,12.34,5102.0,12.59
21.28,12.41,5097.0,12.7
21.06,12.48,5119.0,12.81
20.61,12.53,5126.0,12.96
21.07,12.55,5099.0,13.1
20.1,12.53,5073.0,13.21
19.3,12.55,5058.0,13.31
18.38,12.53,5060.0,13.4
17.98,12.52,5038.0,13.49
17.75,12.47,5007.0,13.55
17.81,12.45,4988.0,13.58
18.48,12.45,5001.0,13.61
18.01,12.44,5009.0,13.66
19.02,12.44,4993.0,13.7
19.45,12.43,4986.0,13.72
19.06,12.48,5006.0,13.76
18.84,12.49,5034.0,13.81
19.36,12.53,5024.0,13.88
19.42,12.52,5018.0,13.94
18.72,12.49,5015.0,14.0
19.3,12.5,4997.0,14.05
20.69,12.47,4996.0,14.08
21.71,12.42,4989.0,14.12
21.41,12.38,4962.0,14.14
21.24,12.32,4943.0,14.13
20.95,12.3,4945.0,14.11
21.24,12.3,4962.0,14.1
20.86,12.29,4969.0,14.09
21.24,12.3,4969.0,14.09
21.01,12.27,4974.0,14.09
19.99,12.32,4979.0,14.1
19.57,12.26,4995.0,14.11
19.27,12.26,4973.0,14.12
19.47,12.18,4945.0,14.11
19.56,12.16,4937.0,14.06
19.78,12.11,4951.0,14.03
19.46,12.11,4953.0,14.0
18.32,12.06,4941.0,13.96
18.42,12.02,4933.0,13.91
17.94,11.99,4934.0,13.85
17.44,11.96,4940.0,13.79
16.74,11.94,4941.0,13.74
16.15,11.88,4932.0,13.67
16.1,11.83,4914.0,13.59
17.32,11.82,4918.0,13.5
17.73,11.78,4945.0,13.42
18.3,11.76,4938.0,13.34
17.23,11.7,4920.0,13.25
17.18,11.67,4909.0,13.14
17.36,11.69,4938.0,13.03
17.05,11.67,4972.0,12.96
16.85,11.68,4957.0,12.89
17.01,11.67,4948.0,12.8
16.41,11.71,4980.0,12.72
16.55,11.75,5020.0,12.68
16.77,11.76,5020.0,12.66
16.66,11.77,4996.0,12.63
16.57,11.77,5002.0,12.58
16.42,11.78,5023.0,12.55
16.01,11.78,5015.0,12.54
16.19,11.8,4995.0,12.5
14.86,11.76,5006.0,12.46
14.14,11.79,5005.0,12.43
13.72,11.81,5012.0,12.4
13.8,11.84,5027.0,12.38
14.35,11.83,5030.0,12.37
14.98,11.85,5009.0,12.36
16.21,11.87,5015.0,12.33
16.33,11.93,5045.0,12.33
16.89,11.97,5066.0,12.35
17.41,12.02,5054.0,12.39
17.96,12.07,5060.0,12.42
18.3,12.13,5087.0,12.47
19.35,12.2,5097.0,12.55
19.1,12.23,5094.0,12.64
19.92,12.24,5076.0,12.72
19.61,12.3,5064.0,12.79
19.1,12.32,5089.0,12.87
18.91,12.35,5086.0,12.97
18.7,12.37,5058.0,13.05
19.56,12.36,5052.0,13.12
19.83,12.4,5054.0,13.19
20.66,12.4,5055.0,13.27
20.47,12.44,5048.0,13.34
20.24,12.44,5045.0,13.41
19.49,12.49,5049.0,13.48
19.53,12.5,5055.0,13.57
19.72,12.57,5057.0,13.65
20.18,12.58,5069.0,13.75
20.24,12.64,5062.0,13.86
21.14,12.65,5066.0,13.96
20.75,12.68,5060.0,14.07
20.66,12.69,5052.0,14.17
20.54,12.69,5047.0,14.27
19.97,12.65,5027.0,14.36
20.15,12.65,5004.0,14.43
19.18,12.59,5002.0,14.48
18.79,12.62,4994.0,14.53
19.45,12.58,4997.0,14.59
18.57,12.62,4994.0,14.63
18.61,12.58,5000.0,14.68
18.73,12.64,4996.0,14.73
18.73,12.64,5020.0,14.79
18.99,12.66,5026.0,14.87
19.25,12.63,5005.0,14.94
18.7,12.61,4981.0,14.98
19.52,12.6,4990.0,15.02
20.23,12.57,5001.0,15.07
19.78,12.52,4970.0,15.11
19.31,12.47,4934.0,15.12
18.68,12.45,4950.0,15.1
18.37,12.43,4974.0,15.12
19.31,12.39,4959.0,15.13
19.83,12.34,4923.0,15.12
19.89,12.32,4930.0,15.08
18.72,12.33,4964.0,15.07
18.09,12.36,4984.0,15.08
17.6,12.36,4985.0,15.1
18.4,12.37,4981.0,15.11
18.25,12.4,4989.0,15.13
19.53,12.43,5018.0,15.16
19.67,12.41,5023.0,15.21
20.5,12.38,4987.0,15.25
20.3,12.35,4962.0,15.26
19.7,12.35,4981.0,15.26
19.54,12.37,5005.0,15.28
18.89,12.35,4999.0,15.31
18.04,12.33,4971.0,15.33
17.52,12.32,4974.0,15.32
17.43,12.36,5001.0,15.34
17.72,12.42,5032.0,15.38
17.58,12.44,5036.0,15.44
18.6,12.47,5019.0,15.49
18.26,12.48,5029.0,15.54
17.5,12.55,5050.0,15.6
17.55,12.54,5062.0,15.69
16.98,12.52,5026.0,15.77
16.85,12.46,4984.0,15.81
18.18,12.41,4976.0,15.82
19.01,12.41,4982.0,15.84
18.15,12.37,4986.0,15.86
18.73,12.35,4962.0,15.87
18.61,12.28,4945.0,15.86
18.52,12.32,4951.0,15.84
18.49,12.3,4992.0,15.84
17.9,12.32,4991.0,15.86
18.41,12.25,4961.0,15.87
18.17,12.24,4944.0,15.85
17.54,12.23,4963.0,15.83
17.28,12.2,4982.0,15.83
17.4,12.15,4951.0,15.82
17.15,12.08,4916.0,15.78
16.87,12.04,4922.0,15.72
16.46,12.03,4947.0,15.67
15.68,12.0,4944.0,15.63
16.32,11.91,4918.0,15.58
16.72,11.91,4898.0,15.49
16.96,11.81,4925.0,15.41
16.91,11.83,4925.0,15.34
17.04,11.77,4923.0,15.26
16.2,11.73,4910.0,15.17
17.04,11.7,4911.0,15.07
17.28,11.71,4936.0,14.98
17.61,11.69,4958.0,14.91
27.23,12.08,5058.0,22.14
26.86,12.12,5108.0,22.17
27.43,12.11,5101.0,22.23
28.12,12.06,5021.0,22.26
28.58,12.02,4978.0,22.25
28.49,12.02,5022.0,22.24
28.86,12.09,5051.0,22.26
27.83,12.04,5032.0,22.28
26.63,12.06,4985.0,22.28
25.84,12.01,4992.0,22.26
26.01,12.06,5015.0,22.26
26.53,12.07,5026.0,22.27
26.95,11.99,5008.0,22.28
27.05,11.94,4946.0,22.26
26.56,11.85,4924.0,22.21
25.87,11.88,4949.0,22.16
25.14,11.82,4983.0,22.13
25.17,11.84,4948.0,22.1
25.34,11.76,4926.0,22.04
23.62,11.79,4941.0,21.98
23.71,11.78,4994.0,21.94
23.62,11.77,4977.0,21.92
22.96,11.71,4936.0,21.87
22.62,11.62,4917.0,21.81
22.85,11.59,4920.0,21.73
24.48,11.6,4940.0,21.66
24.55,11.53,4949.0,21.59
24.14,11.5,4917.0,21.52
23.09,11.41,4898.0,21.43
22.84,11.44,4912.0,21.33
22.78,11.46,4966.0,21.25
22.67,11.46,4986.0,21.2
21.53,11.45,4956.0,21.14
21.81,11.4,4933.0,21.06
20.49,11.41,4954.0,20.97
20.25,11.43,4995.0,20.91
20.48,11.36,4983.0,20.86
20.62,11.29,4916.0,20.78
20.48,11.24,4895.0,20.66
21.43,11.22,4937.0,20.55
22.2,11.19,4962.0,20.46
22.25,11.2,4924.0,20.36
22.22,11.18,4928.0,20.25
23.18,11.28,4991.0,20.16
23.26,11.36,5063.0,20.11
23.23,11.48,5077.0,20.09
23.36,11.51,5074.0,20.08
23.11,11.55,5069.0,20.07
23.66,11.58,5073.0,20.06
23.95,11.64,5086.0,20.06
23.32,11.6,5080.0,20.07
23.22,11.59,5023.0,20.06
24.44,11.56,4999.0,20.01
23.93,11.64,5036.0,19.97
23.9,11.68,5085.0,19.97
22.62,11.74,5072.0,19.98
22.79,11.72,5050.0,19.99
22.12,11.82,5051.0,19.98
21.39,11.91,5110.0,19.99
22.56,11.95,5139.0,20.05
22.46,11.95,5079.0,20.1
23.22,11.96,5030.0,20.11
24.21,11.97,5068.0,20.12
24.21,11.99,5093.0,20.16
23.02,11.91,5025.0,20.18
22.55,11.89,4954.0,20.15
23.6,11.84,4984.0,20.11
24.66,11.92,5025.0,20.1
24.53,11.91,5037.0,20.1
24.92,11.98,5014.0,20.1
24.27,12.01,5032.0,20.1
25.22,12.06,5071.0,20.12
24.45,12.17,5081.0,20.16
25.8,12.12,5076.0,20.21
24.48,12.12,5029.0,20.24
24.52,12.08,5009.0,20.25
24.42,12.01,5006.0,20.25
24.05,11.94,4969.0,20.24
23.73,11.82,4915.0,20.19
23.61,11.8,4892.0,20.11
25.03,11.79,4947.0,20.04
25.48,11.84,4988.0,20.0
25.77,11.89,4992.0,19.98
23.77,11.95,5011.0,19.97
23.19,11.93,5031.0,19.97
22.43,11.98,5006.0,19.97
22.27,11.94,5010.0,19.96
24.44,11.88,4997.0,19.95
23.93,11.84,4953.0,19.92
23.18,11.82,4956.0,19.87
23.88,11.81,4984.0,19.83
24.15,11.78,4971.0,19.8
24.41,11.78,4950.0,19.75
24.12,11.83,4980.0,19.7
25.09,11.83,5027.0,19.68
24.63,11.9,5013.0,19.68
25.12,11.93,5017.0,19.67
24.93,12.02,5059.0,19.67
24.67,12.04,5084.0,19.71
24.11,12.06,5054.0,19.75
23.79,12.03,5020.0,19.76
24.23,12.06,5029.0,19.76
23.86,12.08,5054.0,19.78
24.34,12.09,5046.0,19.81
23.58,12.06,5014.0,19.82
24.37,12.08,4998.0,19.82
24.35,12.09,5028.0,19.82
24.07,12.13,5046.0,19.84
23.6,12.13,5035.0,19.87
24.59,12.07,5002.0,19.88
25.4,12.14,4992.0,19.87
26.21,12.1,5032.0,19.88
26.95,12.17,5033.0,19.91
26.74,12.11,5016.0,19.93
26.79,12.11,4985.0,19.92
26.09,12.1,4988.0,19.91
27.85,12.17,5027.0,19.92
27.16,12.12,5038.0,19.95
27.07,12.08,4978.0,19.96
28.28,12.07,4945.0,19.93
28.61,12.02,4988.0,19.9
28.67,12.08,4995.0,19.9
28.44,12.06,4995.0,19.89
26.5,12.04,4988.0,19.88
26.18,11.99,4971.0,19.87
27.68,12.01,4960.0,19.84
27.31,11.96,4980.0,19.81
28.69,11.93,4972.0,19.79
28.98,11.87,4934.0,19.76
28.97,11.87,4930.0,19.69
29.01,11.83,4968.0,19.65
29.36,11.87,4966.0,19.61
29.3,11.82,4961.0,19.57
29.27,11.81,4957.0,19.53
28.71,11.83,4962.0,19.48
28.3,11.92,5010.0,19.45
27.57,11.95,5052.0,19.46
27.06,11.99,5042.0,19.48
27.77,12.01,5017.0,19.48
28.03,12.04,5039.0,19.48
28.46,12.09,5065.0,19.51
28.35,12.09,5058.0,19.55
28.83,12.12,5028.0,19.57
27.13,12.11,5040.0,19.58
27.82,12.18,5048.0,19.61
27.32,12.26,5072.0,19.65
27.32,12.35,5110.0,19.71
26.58,12.37,5105.0,19.8
25.72,12.44,5073.0,19.87
25.66,12.43,5082.0,19.93
25.96,12.49,5088.0,20.0
26.15,12.45,5071.0,20.08
25.46,12.41,5022.0,20.13
25.08,12.35,4983.0,20.15
24.51,12.3,4985.0,20.16
24.75,12.32,4991.0,20.17
24.26,12.24,4986.0,20.18
24.41,12.21,4942.0,20.18
23.85,12.14,4924.0,20.14
23.88,12.17,4960.0,20.11
25.06,12.22,5000.0,20.11
25.94,12.19,5003.0,20.12
26.31,12.22,4964.0,20.12
24.72,12.21,4984.0,20.11
25.36,12.27,5027.0,20.13
23.87,12.2,5022.0,20.16
24.17,12.21,4961.0,20.16
23.48,12.12,4956.0,20.14
23.83,12.12,4968.0,20.12
23.9,12.05,4962.0,20.11
24.82,12.0,4936.0,20.08
24.07,11.95,4910.0,20.03
25.17,11.94,4927.0,19.96
25.24,11.98,4976.0,19.93
25.52,11.99,4990.0,19.92
24.53,12.02,4981.0,19.9
25.28,12.03,4990.0,19.88
25.54,12.03,5010.0,19.88
25.21,12.08,5013.0,19.88
25.03,12.04,5011.0,19.89
25.84,12.05,4990.0,19.88
24.4,11.98,4980.0,19.87
23.39,12.0,4975.0,19.85
22.56,11.99,4993.0,19.83
21.65,12.01,4997.0,19.82
21.04,11.99,4988.0,19.81
20.54,12.02,4992.0,19.79
20.14,12.04,5015.0,19.79
20.64,12.07,5030.0,19.8
20.29,12.07,5018.0,19.81
20.41,12.09,5012.0,19.81
20.83,12.05,5010.0,19.82
20.01,12.06,4994.0,19.82
19.82,12.03,4997.0,19.81
19.98,11.95,4983.0,19.8
19.14,11.94,4944.0,19.77
19.53,11.85,4941.0,19.72
18.62,11.84,4938.0,19.67
17.69,11.79,4943.0,19.61
17.14,11.73,4929.0,19.55
17.77,11.67,4902.0,19.48
17.6,11.56,4895.0,19.39
18.46,11.58,4887.0,19.28
18.18,11.48,4915.0,19.18
18.87,11.48,4903.0,19.09
19.12,11.39,4889.0,18.98
20.06,11.41,4898.0,18.86
20.23,11.4,4938.0,18.76
20.52,11.42,4959.0,18.67
20.71,11.4,4951.0,18.6
20.37,11.34,4936.0,18.5
20.09,11.34,4925.0,18.4
19.76,11.36,4962.0,18.3
19.51,11.41,5011.0,18.23
18.75,11.39,5003.0,18.18
18.38,11.39,4960.0,18.11
18.75,11.4,4977.0,18.02
18.71,11.45,5034.0,17.97
18.29,11.46,5044.0,17.94
17.82,11.49,5002.0,17.9
17.53,11.49,5009.0,17.84
17.41,11.53,5043.0,17.8
16.67,11.6,5061.0,17.78
17.23,11.63,5063.0,17.78
16.75,11.62,5047.0,17.77
17.04,11.65,5027.0,17.74
16.53,11.68,5051.0,17.72
17.41,11.75,5076.0,17.72
18.08,11.72,5068.0,17.74
19.64,11.81,5035.0,17.73
20.11,11.78,5058.0,17.73
20.37,11.88,5081.0,17.74
20.7,11.9,5081.0,17.77
21.04,11.96,5075.0,17.8
21.59,11.94,5074.0,17.83
20.88,11.98,5055.0,17.85
21.47,12.0,5053.0,17.87
20.5,11.98,5061.0,17.89
20.1,11.94,5024.0,17.91
20.28,11.95,4991.0,17.9
21.74,11.92,5013.0,17.88
21.44,11.91,5017.0,17.88
20.78,11.87,4977.0,17.86
19.37,11.87,4962.0,17.82
19.85,11.88,5000.0,17.78
20.45,11.89,5021.0,17.77
21.38,11.91,4994.0,17.76
22.65,11.93,4993.0,17.74
22.74,11.97,5038.0,17.73
23.84,12.01,5052.0,17.75
24.22,12.02,5029.0,17.77
23.7,11.99,5012.0,17.77
24.95,11.98,5010.0,17.77
24.99,12.0,5008.0,17.76
26.47,11.94,5011.0,17.76
26.01,11.96,4984.0,17.74
26.45,11.92,4977.0,17.71
25.89,11.97,4995.0,17.69
25.4,11.99,5032.0,17.69
24.28,11.98,5019.0,17.7
23.32,11.99,4986.0,17.69
22.65,12.01,5006.0,17.67
21.25,12.02,5042.0,17.68
21.07,12.01,5022.0,17.69
19.4,11.93,4972.0,17.68
18.42,11.86,4942.0,17.64
17.94,11.83,4946.0,17.58
17.35,11.74,4945.0,17.53
16.76,11.66,4901.0,17.45
16.04,11.53,4865.0,17.34
15.16,11.46,4850.0,17.2
13.91,11.4,4872.0,17.05
13.91,11.33,4879.0,16.92
13.86,11.24,4851.0,16.77
13.57,11.21,4838.0,16.59
13.83,11.19,4881.0,16.42
14.38,11.23,4928.0,16.29
14.74,11.22,4941.0,16.17
15.35,11.2,4931.0,16.05
15.11,11.19,4926.0,15.92
14.81,11.2,4953.0,15.79
15.23,11.24,4989.0,15.69
15.56,11.17,4981.0,15.6
16.64,11.15,4933.0,15.48
18.3,11.11,4926.0,15.34
18.66,11.18,4977.0,15.2
19.65,11.23,5036.0,15.12
19.57,11.26,5029.0,15.06
21.27,11.31,5005.0,14.98
20.05,11.39,5054.0,14.91
19.92,11.55,5130.0,14.9
19.27,11.59,5154.0,14.95
19.09,11.63,5088.0,14.98
19.06,11.64,5060.0,14.97
18.43,11.69,5110.0,14.97
19.01,11.73,5123.0,15.02
19.44,11.67,5060.0,15.04
18.96,11.64,4991.0,15.01
18.4,11.63,5011.0,14.95
18.68,11.68,5058.0,14.92
19.89,11.74,5059.0,14.93
19.15,11.75,5045.0,14.92
19.57,11.79,5047.0,14.92
19.01,11.88,5072.0,14.92
19.08,11.98,5116.0,14.96
18.5,11.97,5118.0,15.04
19.26,12.01,5055.0,15.08
21.58,12.03,5051.0,15.1
21.81,12.1,5105.0,15.14
21.94,12.16,5121.0,15.22
21.44,12.18,5085.0,15.3
20.92,12.17,5051.0,15.35
21.06,12.25,5064.0,15.39
21.16,12.29,5114.0,15.46
21.19,12.35,5105.0,15.56
20.76,12.33,5055.0,15.64
20.75,12.39,5050.0,15.69
20.74,12.39,5090.0,15.76
19.7,12.44,5084.0,15.85
19.52,12.43,5046.0,15.93
19.11,12.48,5034.0,15.98
19.09,12.5,5074.0,16.05
18.84,12.56,5091.0,16.15
18.96,12.59,5063.0,16.25
18.08,12.63,5050.0,16.32
18.45,12.63,5077.0,16.41
18.98,12.7,5073.0,16.52
17.61,12.7,5062.0,16.62
17.59,12.74,5054.0,16.71
17.67,12.73,5060.0,16.8
17.6,12.73,5046.0,16.9
16.68,12.67,5016.0,16.98
15.55,12.61,4975.0,17.02
15.5,12.49,4951.0,17.04
15.85,12.45,4926.0,17.04
15.77,12.37,4928.0,17.02
16.56,12.33,4924.0,17.0
16.89,12.3,4911.0,16.97
16.97,12.28,4925.0,16.93
17.91,12.28,4952.0,16.91
18.78,12.31,4958.0,16.9
18.16,12.26,4966.0,16.89
18.94,12.2,4947.0,16.89
20.15,12.15,4913.0,16.85
21.11,12.09,4914.0,16.79
20.85,12.0,4919.0,16.74
20.51,11.92,4884.0,16.68
19.51,11.86,4866.0,16.57
18.19,11.81,4883.0,16.47
19.31,11.85,4915.0,16.38
20.0,11.84,4956.0,16.32
20.46,11.77,4934.0,16.27
20.75,11.76,4887.0,16.18
20.83,11.76,4924.0,16.07
19.88,11.77,4991.0,16.02
18.78,11.75,4970.0,15.99
17.86,11.69,4915.0,15.91
18.69,11.67,4923.0,15.81
18.51,11.65,4966.0,15.74
18.67,11.64,4965.0,15.68
18.65,11.59,4935.0,15.6
18.56,11.53,4919.0,15.5
18.3,11.5,4924.0,15.39
17.5,11.51,4942.0,15.29
16.28,11.47,4961.0,15.2
15.16,11.37,4920.0,15.11
16.32,11.33,4871.0,14.96
16.21,11.27,4898.0,14.79
15.82,11.28,4939.0,14.66
14.81,11.22,4936.0,14.54
14.89,11.16,4884.0,14.39
13.77,11.11,4877.0,14.2
15.49,11.13,4925.0,14.03
14.86,11.15,4971.0,13.89
14.89,11.15,4965.0,13.78
14.61,11.11,4936.0,13.64
15.19,11.15,4949.0,13.48
15.83,11.2,5011.0,13.36
16.81,11.22,5038.0,13.29
17.23,11.17,4986.0,13.21
16.55,11.2,4950.0,13.07
16.82,11.25,5026.0,12.94
17.27,11.33,5085.0,12.9
16.14,11.36,5063.0,12.87
16.87,11.38,5029.0,12.82
17.42,11.42,5051.0,12.76
17.44,11.48,5089.0,12.73
16.98,11.53,5090.0,12.73
17.19,11.55,5068.0,12.72
18.13,11.56,5059.0,12.7
18.48,11.6,5062.0,12.68
18.74,11.65,5076.0,12.67
19.61,11.68,5086.0,12.68
19.63,11.7,5067.0,12.7
20.09,11.73,5051.0,12.69
19.98,11.81,5079.0,12.69
21.11,11.9,5120.0,12.73
21.49,12.0,5140.0,12.81
22.43,12.06,5127.0,12.91
21.58,12.14,5120.0,12.99
21.29,12.25,5148.0,13.09
21.75,12.3,5172.0,13.23
21.73,12.43,5148.0,13.38
23.3,12.46,5152.0,13.52
22.95,12.6,5162.0,13.68
22.94,12.65,5181.0,13.86
21.68,12.79,5168.0,14.05
21.18,12.82,5172.0,14.24
20.98,12.98,5168.0,14.44
21.57,13.05,5195.0,14.66
21.4,13.2,5207.0,14.91
21.05,13.24,5191.0,15.17
22.05,13.33,5161.0,15.4
22.04,13.35,5157.0,15.63
21.55,13.41,5148.0,15.86
21.36,13.45,5132.0,16.09
21.23,13.52,5128.0,16.3
22.33,13.57,5129.0,16.53
23.32,13.65,5125.0,16.75
22.68,13.76,5140.0,16.98
23.41,13.9,5170.0,17.24
24.65,13.99,5175.0,17.52
25.84,14.01,5152.0,17.8
26.36,14.07,5116.0,18.05
26.64,14.07,5114.0,18.29
25.25,14.07,5105.0,18.54
25.88,14.01,5062.0,18.76
24.15,13.94,5009.0,18.94
25.74,13.91,4989.0,19.08
26.09,13.93,5013.0,19.23
25.91,13.89,5021.0,19.4
25.98,13.91,4988.0,19.55
26.97,13.94,4996.0,19.68
27.71,13.97,5043.0,19.84
27.44,14.0,5033.0,20.02
26.43,14.02,5018.0,20.19
27.25,13.93,5015.0,20.35
26.88,13.88,4971.0,20.49
27.16,13.83,4946.0,20.6
26.31,13.73,4956.0,20.7
25.93,13.66,4929.0,20.8
26.7,13.56,4898.0,20.86
27.29,13.45,4883.0,20.91
27.13,13.46,4891.0,20.94
26.67,13.4,4930.0,20.99
26.23,13.41,4921.0,21.06
25.04,13.27,4903.0,21.11
24.95,13.26,4884.0,21.13
23.98,13.14,4889.0,21.16
24.61,13.06,4887.0,21.17
25.22,13.04,4868.0,21.18
25.88,12.91,4878.0,21.17
26.36,12.88,4875.0,21.17
26.5,12.81,4868.0,21.16
25.88,12.74,4873.0,21.14
25.64,12.66,4869.0,21.12
26.32,12.62,4870.0,21.09
27.87,12.58,4880.0,21.06
29.17,12.52,4892.0,21.04
30.45,12.51,4888.0,21.01
30.08,12.48,4906.0,20.99
29.81,12.53,4932.0,20.97
29.61,12.5,4962.0,20.98
29.86,12.55,4958.0,20.99
29.21,12.45,4959.0,21.0
29.83,12.49,4935.0,21.0
30.68,12.36,4950.0,21.0
30.32,12.38,4926.0,20.99
30.39,12.28,4921.0,20.97
29.65,12.28,4924.0,20.94
30.11,12.25,4939.0,20.92
28.43,12.3,4944.0,20.9
28.9,12.27,4975.0,20.89
28.94,12.37,4998.0,20.9
29.22,12.35,5017.0,20.93
30.09,12.34,4991.0,20.95
29.01,12.32,4970.0,20.96
28.13,12.29,4985.0,20.96
27.41,12.23,4974.0,20.97
27.24,12.17,4931.0,20.95
27.06,12.12,4917.0,20.91
25.5,12.09,4944.0,20.88
25.02,12.12,4958.0,20.86
25.58,12.11,4972.0,20.84
23.97,12.08,4955.0,20.82
22.52,12.03,4945.0,20.79
21.78,12.03,4947.0,20.76
21.22,12.01,4964.0,20.73
21.14,12.02,4962.0,20.71
21.65,11.95,4961.0,20.68
21.67,11.95,4946.0,20.65
22.48,11.85,4940.0,20.6
22.39,11.87,4920.0,20.55
22.64,11.81,4943.0,20.49
22.37,11.8,4947.0,20.44
22.83,11.75,4934.0,20.39
23.14,11.74,4924.0,20.32
22.14,11.72,4941.0,20.26
22.86,11.73,4962.0,20.2
23.57,11.71,4964.0,20.16
25.04,11.76,4964.0,20.11
24.85,11.8,5006.0,20.07
25.3,11.82,5038.0,20.06
24.55,11.84,5012.0,20.06
25.04,11.78,4981.0,20.03
26.03,11.75,4976.0,19.99
26.51,11.72,4973.0,19.95
26.15,11.68,4967.0,19.91
25.05,11.65,4946.0,19.85
25.26,11.61,4949.0,19.78
24.32,11.69,4972.0,19.72
23.95,11.78,5029.0,19.69
23.76,11.9,5084.0,19.7
24.12,12.03,5105.0,19.74
24.61,12.18,5138.0,19.8
25.88,12.29,5178.0,19.89
25.15,12.4,5185.0,20.0
25.22,12.43,5162.0,20.12
25.15,12.44,5123.0,20.22
26.08,12.43,5096.0,20.3
25.51,12.49,5088.0,20.38
25.33,12.52,5106.0,20.46
26.1,12.6,5118.0,20.55
25.62,12.72,5115.0,20.65
26.19,12.89,5162.0,20.77
26.64,13.06,5230.0,20.94
26.53,13.24,5235.0,21.15
26.94,13.34,5222.0,21.35
27.74,13.48,5218.0,21.56
27.5,13.53,5230.0,21.78
27.75,13.65,5205.0,22.01
28.52,13.64,5173.0,22.22
28.69,13.71,5146.0,22.41
27.95,13.74,5144.0,22.6
28.26,13.82,5147.0,22.79
28.32,13.8,5121.0,22.99
28.18,13.83,5087.0,23.16
28.24,13.83,5081.0,23.32
28.39,13.82,5074.0,23.48
29.1,13.9,5058.0,23.64
30.33,13.89,5074.0,23.79
29.72,13.93,5072.0,23.96
29.36,13.94,5048.0,24.11
28.64,13.87,5031.0,24.25
29.79,13.95,5014.0,24.38
30.01,13.83,5036.0,24.52
31.37,13.82,4985.0,24.65
31.63,13.66,4933.0,24.73
32.23,13.64,4918.0,24.79
31.74,13.48,4939.0,24.86
31.68,13.47,4905.0,24.91
32.53,13.32,4875.0,24.95
33.23,13.27,4867.0,24.96
32.26,13.2,4894.0,24.98
32.14,13.21,4902.0,25.0
32.41,13.07,4896.0,25.03
31.29,13.0,4855.0,25.03
31.11,12.9,4850.0,25.01
30.54,12.83,4860.0,25.0
29.97,12.83,4881.0,24.98
29.73,12.73,4889.0,24.98
30.01,12.67,4864.0,24.96
29.56,12.54,4844.0,24.93
29.28,12.48,4844.0,24.88
29.28,12.41,4857.0,24.84
29.35,12.31,4858.0,24.8
29.09,12.19,4818.0,24.74
29.21,12.12,4803.0,24.65
28.59,12.03,4839.0,24.57
28.0,11.94,4841.0,24.49
27.29,11.94,4820.0,24.41
26.78,11.87,4866.0,24.32
27.41,11.88,4898.0,24.26
27.27,11.9,4896.0,24.2
28.1,11.89,4924.0,24.14
27.61,11.82,4935.0,24.1
26.52,11.77,4894.0,24.04
26.91,11.67,4874.0,23.96
27.54,11.64,4887.0,23.88
27.77,11.54,4895.0,23.8
27.46,11.45,4864.0,23.71
26.99,11.4,4840.0,23.6
27.54,11.25,4853.0,23.48
27.28,11.28,4843.0,23.35
26.48,11.14,4860.0,23.23
25.8,11.16,4855.0,23.1
25.33,11.07,4876.0,22.97
24.95,11.12,4882.0,22.85
25.36,11.11,4925.0,22.73
26.6,11.11,4953.0,22.64
26.49,11.09,4932.0,22.55
25.73,11.11,4933.0,22.44
25.43,11.12,4976.0,22.35
25.58,11.13,4999.0,22.27
25.93,11.09,4963.0,22.2
25.35,11.05,4932.0,22.1
25.27,11.04,4957.0,21.99
24.81,11.02,4983.0,21.9
24.1,10.98,4951.0,21.81
24.03,10.89,4910.0,21.69
22.94,10.89,4910.0,21.56
23.06,10.84,4950.0,21.44
22.28,10.83,4937.0,21.32
23.1,10.79,4894.0,21.2
22.43,10.73,4877.0,21.05
21.62,10.7,4865.0,20.91
21.51,10.63,4842.0,20.76
20.52,10.63,4810.0,20.61
20.14,10.48,4796.0,20.44
19.75,10.43,4731.0,20.26
19.59,10.33,4677.0,20.05
18.74,10.34,4682.0,19.84
18.72,10.29,4704.0,19.65
17.5,10.26,4671.0,19.46
17.28,10.21,4622.0,19.25
17.0,10.2,4624.0,19.03
15.92,10.22,4655.0,18.83
14.27,10.25,4667.0,18.65
15.0,10.23,4652.0,18.48
15.97,10.25,4644.0,18.29
16.29,10.25,4660.0,18.12
16.97,10.3,4678.0,17.95
16.94,10.34,4704.0,17.8
17.94,10.32,4712.0,17.66
19.31,10.36,4684.0,17.51
19.92,10.39,4708.0,17.35
20.21,10.47,4767.0,17.23
19.54,10.5,4797.0,17.13
19.71,10.57,4787.0,17.02
21.05,10.61,4815.0,16.91
20.39,10.74,4875.0,16.83
21.56,10.84,4942.0,16.79
20.57,10.98,4985.0,16.77
20.36,11.04,5028.0,16.76
21.0,11.18,5068.0,16.76
21.78,11.27,5133.0,16.79
22.84,11.38,5181.0,16.84
23.16,11.45,5202.0,16.89
22.98,11.51,5186.0,16.93
21.45,11.52,5169.0,16.98
21.14,11.59,5137.0,17.01
21.89,11.64,5143.0,17.04
22.26,11.71,5161.0,17.08
21.7,11.77,5155.0,17.14
21.64,11.91,5149.0,17.2
20.74,12.06,5197.0,17.28
21.01,12.23,5253.0,17.41
20.83,12.37,5259.0,17.58
20.98,12.47,5233.0,17.74
20.74,12.53,5214.0,17.9
21.85,12.58,5199.0,18.06
21.15,12.59,5171.0,18.21
20.52,12.55,5120.0,18.33
20.14,12.52,5066.0,18.42
19.84,12.47,5049.0,18.48
18.99,12.49,5045.0,18.54
18.68,12.51,5050.0,18.6
17.47,12.56,5053.0,18.67
19.3,12.54,5056.0,18.74
19.92,12.62,5038.0,18.8
21.78,12.65,5064.0,18.87
20.97,12.71,5090.0,18.97
19.93,12.73,5078.0,19.07
19.91,12.74,5043.0,19.16
19.49,12.7,5035.0,19.23
20.06,12.7,5028.0,19.3
19.77,12.65,5014.0,19.36
19.88,12.58,4976.0,19.4
20.1,12.55,4945.0,19.41
19.58,12.47,4960.0,19.42
19.33,12.46,4960.0,19.43
20.16,12.41,4936.0,19.43
20.44,12.39,4929.0,19.41
21.75,12.39,4955.0,19.4
22.83,12.34,4975.0,19.41
23.79,12.33,4941.0,19.41
23.94,12.27,4927.0,19.38
25.16,12.29,4939.0,19.36
25.6,12.24,4975.0,19.35
26.13,12.27,4960.0,19.35
25.92,12.19,4941.0,19.33
25.3,12.22,4944.0,19.31
24.22,12.22,4981.0,19.29
23.63,12.23,4998.0,19.3
22.2,12.22,4975.0,19.31
22.94,12.24,4965.0,19.3
22.49,12.31,5010.0,19.3
21.77,12.39,5073.0,19.34
21.53,12.44,5075.0,19.42
21.16,12.46,5038.0,19.48
22.01,12.53,5039.0,19.52
21.93,12.58,5103.0,19.59
22.72,12.68,5113.0,19.7
20.85,12.69,5085.0,19.81
20.45,12.7,5058.0,19.89
21.02,12.72,5066.0,19.97
21.14,12.82,5084.0,20.06
21.66,12.84,5103.0,20.17
21.71,12.9,5086.0,20.28
22.12,12.93,5068.0,20.39
21.78,13.01,5090.0,20.49
22.18,13.11,5126.0,20.62
23.38,13.17,5131.0,20.78
23.16,13.2,5109.0,20.93
23.51,13.22,5080.0,21.06
23.86,13.19,5071.0,21.18
21.7,13.2,5054.0,21.3
21.51,13.14,5037.0,21.41
21.79,13.12,5006.0,21.5
21.76,13.07,4989.0,21.57
21.46,13.06,4991.0,21.63
23.22,13.04,4988.0,21.7
23.25,13.0,4982.0,21.76
23.7,13.0,4968.0,21.82
24.51,12.95,4968.0,21.86
24.59,12.93,4962.0,21.91
24.68,12.94,4962.0,21.95
25.42,12.89,4981.0,21.99
25.52,12.86,4959.0,22.04
25.47,12.74,4925.0,22.06
24.45,12.67,4891.0,22.06
23.25,12.59,4904.0,22.04
22.39,12.54,4910.0,22.03
24.77,12.43,4881.0,22.01
23.39,12.35,4851.0,21.97
22.4,12.3,4863.0,21.91
21.83,12.23,4886.0,21.86
23.0,12.2,4881.0,21.81
22.84,12.18,4882.0,21.76
22.24,12.1,4903.0,21.71
22.44,12.12,4892.0,21.66
22.49,12.11,4921.0,21.61
22.93,12.1,4957.0,21.59
22.48,12.08,4939.0,21.56
23.17,12.06,4923.0,21.52
24.04,12.08,4953.0,21.49
23.52,12.1,4994.0,21.48
22.91,12.11,4986.0,21.48
22.95,12.13,4970.0,21.46
24.25,12.11,4994.0,21.46
23.73,12.23,5020.0,21.46
23.05,12.27,5068.0,21.49
23.44,12.34,5069.0,21.55
23.4,12.33,5046.0,21.6
24.45,12.34,5031.0,21.63
24.53,12.37,5041.0,21.66
25.21,12.33,5048.0,21.71
25.4,12.29,5002.0,21.74
25.62,12.2,4955.0,21.74
23.92,12.16,4941.0,21.71
24.76,12.16,4974.0,21.69
25.47,12.13,4985.0,21.69
25.93,12.05,4935.0,21.68
24.28,12.03,4901.0,21.63
25.09,12.0,4954.0,21.58
23.27,12.03,4985.0,21.56
24.28,11.97,4953.0,21.55
25.17,11.97,4926.0,21.5
25.03,11.9,4953.0,21.46
24.78,11.91,4955.0,21.43
24.21,11.88,4945.0,21.39
23.71,11.9,4961.0,21.34
24.31,11.88,4970.0,21.32
23.12,11.87,4971.0,21.28
23.19,11.92,4971.0,21.25
24.07,11.89,5004.0,21.23
24.82,11.94,4998.0,21.22
25.34,11.84,4977.0,21.2
24.91,11.83,4948.0,21.16
25.05,11.75,4947.0,21.11
25.14,11.72,4949.0,21.06
23.85,11.69,4933.0,21.0
22.95,11.61,4922.0,20.93
21.27,11.58,4910.0,20.85
21.86,11.52,4916.0,20.77
22.93,11.51,4925.0,20.68
22.51,11.46,4922.0,20.6
23.13,11.46,4920.0,20.51
24.17,11.45,4943.0,20.43
23.34,11.42,4957.0,20.35
22.28,11.39,4927.0,20.27
22.59,11.35,4927.0,20.17
24.14,11.37,4949.0,20.08
24.84,11.33,4968.0,20.01
25.34,11.36,4949.0,19.93
25.5,11.32,4959.0,19.84
24.84,11.41,4980.0,19.76
24.53,11.41,5029.0,19.71
25.03,11.49,5030.0,19.68
25.53,11.51,5028.0,19.64
26.78,11.57,5045.0,19.61
27.28,11.57,5064.0,19.6
26.87,11.67,5059.0,19.59
26.57,11.68,5071.0,19.59
25.56,11.73,5075.0,19.59
26.31,11.75,5070.0,19.6
27.17,11.81,5066.0,19.61
27.41,11.85,5085.0,19.62
28.09,11.9,5098.0,19.65
28.86,11.95,5084.0,19.68
28.07,12.03,5087.0,19.71
28.86,12.12,5129.0,19.76
29.68,12.24,5152.0,19.84
29.7,12.35,5160.0,19.94
29.19,12.42,5170.0,20.05
28.98,12.56,5167.0,20.16
28.58,12.63,5185.0,20.29
28.88,12.71,5186.0,20.43
28.25,12.74,5151.0,20.57
28.73,12.71,5112.0,20.69
27.54,12.75,5086.0,20.79
26.31,12.68,5086.0,20.88
25.31,12.65,5043.0,20.96
24.11,12.58,4990.0,21.01
23.97,12.55,4981.0,21.03
23.27,12.58,5004.0,21.06
24.43,12.56,5021.0,21.11
24.46,12.57,4994.0,21.15
25.16,12.56,4983.0,21.17
25.62,12.61,5014.0,21.21
25.83,12.66,5048.0,21.26
24.95,12.66,5037.0,21.33
25.88,12.66,5011.0,21.39
25.86,12.54,4990.0,21.43
25.5,12.57,4958.0,21.45
25.39,12.48,4978.0,21.46
26.65,12.47,4969.0,21.48
28.53,12.36,4927.0,21.48
28.38,12.31,4899.0,21.45
28.45,12.25,4914.0,21.41
27.95,12.3,4946.0,21.39
28.28,12.34,4975.0,21.39
28.27,12.35,4994.0,21.4
28.21,12.38,4992.0,21.42
27.72,12.43,5003.0,21.44
26.81,12.43,5032.0,21.47
25.83,12.38,5010.0,21.51
25.07,12.31,4953.0,21.52
25.55,12.21,4921.0,21.5
25.72,12.21,4933.0,21.47
26.46,12.12,4956.0,21.45
26.34,12.08,4918.0,21.42
24.63,11.97,4879.0,21.37
24.28,11.86,4874.0,21.29
23.93,11.86,4880.0,21.21
22.42,11.75,4898.0,21.14
22.22,11.7,4864.0,21.05
20.58,11.59,4837.0,20.94
21.19,11.58,4861.0,20.82
21.94,11.5,4901.0,20.73
23.18,11.49,4878.0,20.63
24.05,11.38,4856.0,20.51
23.2,11.38,4861.0,20.38
22.58,11.4,4923.0,20.27
22.0,11.41,4962.0,20.19
22.34,11.42,4937.0,20.12
22.15,11.44,4942.0,20.03
22.38,11.5,5003.0,19.96
22.09,11.56,5044.0,19.93
22.14,11.57,5028.0,19.91
22.44,11.6,5003.0,19.87
22.56,11.6,5033.0,19.84
22.43,11.6,5040.0,19.82
22.56,11.58,4999.0,19.79
21.88,11.59,4986.0,19.74
21.81,11.57,5018.0,19.7
20.41,11.57,5012.0,19.67
18.97,11.59,4984.0,19.62
18.35,11.63,5015.0,19.58
17.99,11.61,5043.0,19.56
18.85,11.63,5008.0,19.54
19.95,11.64,4991.0,19.49
21.12,11.68,5038.0,19.46
21.7,11.8,5076.0,19.46
22.36,11.83,5092.0,19.48
22.98,11.96,5084.0,19.51
24.3,11.99,5116.0,19.55
24.41,12.15,5135.0,19.61
25.36,12.21,5161.0,19.69
25.96,12.26,5145.0,19.78
26.99,12.36,5117.0,19.86
26.79,12.4,5146.0,19.95
26.56,12.47,5156.0,20.06
25.22,12.5,5119.0,20.16
25.47,12.52,5100.0,20.25
26.03,12.53,5099.0,20.33
27.18,12.59,5089.0,20.42
27.23,12.62,5094.0,20.5
27.25,12.65,5090.0,20.59
27.02,12.68,5082.0,20.68
26.88,12.72,5079.0,20.77
25.69,12.77,5083.0,20.86
26.18,12.79,5085.0,20.96
26.56,12.87,5080.0,21.05
26.92,12.86,5086.0,21.16
27.8,12.89,5068.0,21.26
28.38,12.91,5052.0,21.34
27.69,12.86,5051.0,21.43
27.4,12.85,5020.0,21.51
26.99,12.78,4994.0,21.57
27.28,12.73,4974.0,21.61
26.51,12.71,4971.0,21.64
25.23,12.76,4983.0,21.67
26.56,12.73,5012.0,21.72
25.18,12.79,5003.0,21.77
25.19,12.83,5005.0,21.82
25.05,12.89,5047.0,21.89
25.16,12.87,5059.0,21.98
25.14,12.88,5017.0,22.06
26.31,12.8,4980.0,22.11
25.57,12.8,4987.0,22.15
26.22,12.74,4990.0,22.2
26.45,12.61,4952.0,22.23
26.71,12.61,4891.0,22.23
25.54,12.5,4930.0,22.21
24.59,12.54,4947.0,22.21
24.32,12.42,4931.0,22.21
24.97,12.42,4891.0,22.19
25.62,12.33,4911.0,22.16
26.12,12.42,4938.0,22.14
25.32,12.43,4987.0,22.15
23.99,12.47,5002.0,22.17
23.3,12.47,4979.0,22.2
24.42,12.51,4987.0,22.21
24.17,12.58,5038.0,22.25
25.73,12.54,5054.0,22.31
26.28,12.52,4986.0,22.36
27.0,12.44,4944.0,22.36
27.0,12.48,4977.0,22.36
26.69,12.5,5035.0,22.39
26.99,12.53,5017.0,22.44
25.96,12.49,4984.0,22.47
25.02,12.48,4982.0,22.49
23.7,12.55,5007.0,22.51
23.59,12.65,5066.0,22.56
23.81,12.67,5080.0,22.65
23.78,12.68,5031.0,22.72
24.79,12.73,5022.0,22.76
24.72,12.73,5073.0,22.83
24.3,12.79,5074.0,22.92
23.94,12.68,5023.0,23.0
23.62,12.62,4957.0,23.03
23.41,12.52,4942.0,23.03
24.41,12.57,4964.0,23.04
26.28,12.51,4991.0,23.06
25.6,12.52,4963.0,23.08
25.33,12.47,4936.0,23.08
25.82,12.5,4973.0,23.08
25.67,12.56,5020.0,23.11
25.22,12.52,5018.0,23.16
24.89,12.5,4963.0,23.19
24.97,12.4,4938.0,23.18
24.55,12.39,4949.0,23.18
23.99,12.27,4950.0,23.17
22.96,12.2,4894.0,23.15
23.26,12.07,4855.0,23.09
22.98,11.99,4863.0,23.02
22.65,11.96,4882.0,22.95
22.42,11.88,4884.0,22.89
21.12,11.82,4863.0,22.81
22.09,11.73,4850.0,22.72
